{"_Appliances":[{"_name":"Посудомоечная машина","_power":1400,"_price":13100,"_room":"Кухня","_state":false},{"_name":"Телевизор","_power":1500,"_price":7250,"_room":"Гостинная","_state":false},{"_name":"Кондиционер","_power":720,"_price":12200,"_room":"Гостинная","_state":false},{"_name":"Кондиционер","_power":250,"_price":8200,"_room":"Спальня","_state":true},{"_name":"Телевизор","_power":3300,"_price":19350,"_room":"Гостинная","_state":false},{"_name":"Утюг","_power":1300,"_price":14300,"_room":"Гардеробная","_state":true},{"_name":"Чайник","_power":2000,"_price":13100,"_room":"Кухня","_state":true},{"_name":"Светильник напольный","_power":850,"_price":8200,"_room":"Спальня","_state":false},{"_name":"Утюг","_power":1500,"_price":9500,"_room":"Гардеробная","_state":false},{"_name":"Стиральная машина","_power":250,"_price":14300,"_room":"Ванная","_state":false}],"_adress":"Будённовский просп.,19"}