{"_address":"ул.Университетская, 12, д.8, кв.34","_apliances":[{"_OffOnn":false,"_name":"телевизор","_nameRooms":"зал","_power":175,"_price":3810.5539478410751},{"_OffOnn":true,"_name":"торшер","_nameRooms":"зал","_power":121,"_price":24228.089319415431},{"_OffOnn":false,"_name":"мультиварка","_nameRooms":"зал","_power":206,"_price":5951.6424599344109},{"_OffOnn":false,"_name":"бойлер","_nameRooms":"коридор","_power":179,"_price":20615.476845351735},{"_OffOnn":false,"_name":"плойка","_nameRooms":"коридор","_power":119,"_price":11992.784584636234},{"_OffOnn":false,"_name":"светильник","_nameRooms":"кухня","_power":174,"_price":28175.6579762677},{"_OffOnn":false,"_name":"телевизор","_nameRooms":"кухня","_power":193,"_price":5373.1696199966445},{"_OffOnn":true,"_name":"магнитофон","_nameRooms":"прихожая","_power":169,"_price":9280.7297053657148},{"_OffOnn":true,"_name":"торшер","_nameRooms":"прихожая","_power":153,"_price":26296.469484593938},{"_OffOnn":false,"_name":"эл.чайник","_nameRooms":"прихожая","_power":133,"_price":14749.72820153913},{"_OffOnn":false,"_name":"бойлер","_nameRooms":"спальня","_power":134,"_price":25185.300063660976},{"_OffOnn":false,"_name":"духовая печь","_nameRooms":"спальня","_power":131,"_price":5670.06399187728},{"_OffOnn":true,"_name":"кух.комбайн","_nameRooms":"спальня","_power":150,"_price":4363.6820723133551}],"_nameApartment":"Солнечный изумруд"}