{"_address":"ул.Университетская, 12, д.8, кв.34","_apliances":[{"_OffOnn":false,"_name":"эл.чайник","_power":182,"_price":18875.409147178478},{"_OffOnn":false,"_name":"кофемашина","_power":141,"_price":20357.258575203483},{"_OffOnn":false,"_name":"кофемашина","_power":235,"_price":9715.545207362411},{"_OffOnn":true,"_name":"фен","_power":188,"_price":22089.419536799851},{"_OffOnn":false,"_name":"тостер","_power":178,"_price":8634.4703301482223},{"_OffOnn":false,"_name":"бойлер","_power":227,"_price":18917.469827187},{"_OffOnn":false,"_name":"кофемашина","_power":162,"_price":13381.332450723896},{"_OffOnn":false,"_name":"мультиварка","_power":168,"_price":11919.645755048678},{"_OffOnn":false,"_name":"холодильник","_power":170,"_price":10202.016427042901},{"_OffOnn":false,"_name":"бойлер","_power":222,"_price":18481.354755107946},{"_OffOnn":false,"_name":"кофемашина","_power":104,"_price":2925.2554422362036},{"_OffOnn":false,"_name":"тостер","_power":126,"_price":26389.396330057363},{"_OffOnn":true,"_name":"фен","_power":150,"_price":23399.735202966138},{"_OffOnn":false,"_name":"кофемашина","_power":114,"_price":9173.05171823737},{"_OffOnn":false,"_name":"колаки","_power":180,"_price":660}]}