{"_address":"ул.Университетская, 12, д.8, кв.34","_apliances":[{"_OffOnn":true,"_name":"тостер","_power":138,"_price":6622.6782715519321},{"_OffOnn":false,"_name":"кофемашина","_power":203,"_price":5481.762772650347},{"_OffOnn":true,"_name":"микроволновка","_power":137,"_price":3490.8061709677831},{"_OffOnn":false,"_name":"кофемашина","_power":120,"_price":28494.54440292648},{"_OffOnn":true,"_name":"мультиварка","_power":143,"_price":20143.511804818882},{"_OffOnn":false,"_name":"бойлер","_power":138,"_price":20453.246788565652},{"_OffOnn":false,"_name":"мультиварка","_power":185,"_price":18464.497331280494},{"_OffOnn":false,"_name":"микроволновка","_power":226,"_price":10745.068984918795},{"_OffOnn":false,"_name":"эл.чайник","_power":176,"_price":10674.181227886202}]}