{"Address":"Ленинский проспект, 4а","Name":"\"Эксперт-Сервис*\"","Televisions":[{"Artisan":"Штурлак А.В.","Brand":"BQ","Defect":"экран отвалился","Diagonal":21.5,"Owner":"Абрамян М.Э.","Price":2300},{"Artisan":"Петрова Д.А.","Brand":"Panasonic","Defect":"не работает USB","Diagonal":42,"Owner":"Фортранова Б.В.","Price":340},{"Artisan":"Васильев А.Н.","Brand":"BBK","Defect":"не управляется от пульта","Diagonal":21.5,"Owner":"Златопольский Д.М.","Price":520}]}