{"Name":"Закажи сегодня","Tickets":[{"_departureDate":"\/Date(1630011600000+0300)\/","_destination":"Париж, Орли","_flight":"AFL021","_number":39899,"_paxFullName":"Янковский В.В."},{"_departureDate":"\/Date(1626469200000+0300)\/","_destination":"Сочи","_flight":"АФ4567","_number":82298,"_paxFullName":"Романова П.В."},{"_departureDate":"\/Date(1636149600000+0200)\/","_destination":"Москва, Внуково","_flight":"АФ9811","_number":88760,"_paxFullName":"Лебедев К.К."},{"_departureDate":"\/Date(1629493200000+0300)\/","_destination":"Ярославль","_flight":"PB7812","_number":30652,"_paxFullName":"Денисова Д.А."},{"_departureDate":"\/Date(1665694800000+0300)\/","_destination":"Париж, шарль де-Голль","_flight":"AFL033","_number":63707,"_paxFullName":"Каммерер М.А."},{"_departureDate":"\/Date(1664917200000+0300)\/","_destination":"Берлин","_flight":"ALF081","_number":73905,"_paxFullName":"Денисова Д.А."},{"_departureDate":"\/Date(1647986400000+0200)\/","_destination":"Париж, шарль де-Голль","_flight":"AFL033","_number":31863,"_paxFullName":"Денисова Д.А."},{"_departureDate":"\/Date(1612303200000+0200)\/","_destination":"Париж, шарль де-Голль","_flight":"AFL033","_number":60537,"_paxFullName":"Романова П.В."},{"_departureDate":"\/Date(1620162000000+0300)\/","_destination":"Владивосток","_flight":"АФ0011","_number":47178,"_paxFullName":"Семенов Р.М."},{"_departureDate":"\/Date(1659387600000+0300)\/","_destination":"Берлин","_flight":"ALF081","_number":56467,"_paxFullName":"Воликова И.А."},{"_departureDate":"\/Date(1616623200000+0200)\/","_destination":"Ростов-на-дону","_flight":"FL98AS","_number":40561,"_paxFullName":"Семенов Р.М."},{"_departureDate":"\/Date(1671228000000+0200)\/","_destination":"Париж, Орли","_flight":"AFL021","_number":77305,"_paxFullName":"Дунаев В.Б."}]}