[{"Age":29,"Company":{"Amount":1000000,"Name":"B"},"FirstName":"Марина","LastName":"Иванова"},{"Age":25,"Company":{"Amount":23000000,"Name":"Contoso"},"FirstName":"Леонид","LastName":"Романов"},{"Age":23,"Company":{"Amount":23000,"Name":"Борей"},"FirstName":"Ирина","LastName":"Серова"},{"Age":37,"Company":{"Amount":23000,"Name":"Борей"},"FirstName":"Игорь","LastName":"Михайлов"},{"Age":54,"Company":{"Amount":23000000,"Name":"Amazon"},"FirstName":"Джефф","LastName":"Безос"},{"Age":48,"Company":{"Amount":1200000000,"Name":"Stark Industries"},"FirstName":"Тони","LastName":"Старк"}]