[{"_date":"\/Date(1661461200000+0300)\/","_name":"Прохоров Т. Л.","_numberFlight":"AC 1678","_numberRequest":1000011,"_pointDest":"Париж"},{"_date":"\/Date(1672002000000+0300)\/","_name":"Алексеев Я. С.","_numberFlight":"SU 2198","_numberRequest":1000012,"_pointDest":"Нью-Йорк"},{"_date":"\/Date(1657746000000+0300)\/","_name":"Власов Т. М.","_numberFlight":"AM 9020","_numberRequest":1000013,"_pointDest":"Нью-Йорк"},{"_date":"\/Date(1648846800000+0300)\/","_name":"Алексеев Я. С.","_numberFlight":"AM 7117","_numberRequest":1000014,"_pointDest":"Майами"},{"_date":"\/Date(1652994000000+0300)\/","_name":"РыбаковН. А.","_numberFlight":"AM 5676","_numberRequest":1000015,"_pointDest":"Гонконг"},{"_date":"\/Date(1645650000000+0300)\/","_name":"Алексеев Т. Л.","_numberFlight":"AM 5095","_numberRequest":1000016,"_pointDest":"Лондон"},{"_date":"\/Date(1645218000000+0300)\/","_name":"Сазонов А. Ф.","_numberFlight":"SU 9878","_numberRequest":1000017,"_pointDest":"Лондон"},{"_date":"\/Date(1644786000000+0300)\/","_name":"РыбаковТ. М.","_numberFlight":"AM 6593","_numberRequest":1000018,"_pointDest":"Гонконг"},{"_date":"\/Date(1668200400000+0300)\/","_name":"Власов В. И.","_numberFlight":"SK 6512","_numberRequest":1000019,"_pointDest":"Лондон"},{"_date":"\/Date(1648328400000+0300)\/","_name":"Алексеев У. Т.","_numberFlight":"AM 9037","_numberRequest":1000020,"_pointDest":"Майами"},{"_date":"\/Date(1660770000000+0300)\/","_name":"Третьяков В. И.","_numberFlight":"SK 8514","_numberRequest":1000021,"_pointDest":"Нью-Йорк"},{"_date":"\/Date(1651352400000+0300)\/","_name":"РыбаковА. Ф.","_numberFlight":"AM 7329","_numberRequest":1000022,"_pointDest":"Макао"},{"_date":"\/Date(1646514000000+0300)\/","_name":"Алексеев Н. А.","_numberFlight":"SU 9733","_numberRequest":1000023,"_pointDest":"Нью-Йорк"}]