{"_adress":"Будённовский просп.,19","_name":"Global service","_televisions":[{"_defect":"Инвертор","_diagonal":32,"_price":213,"_producer":"LG","_surnameOwner":"Медведев А.С.","_surnameRepairer":"Доронин А.Н.","_type":"RP"},{"_defect":"Искажены цвета","_diagonal":75,"_price":300,"_producer":"LG","_surnameOwner":"Менделеев Д.Г.","_surnameRepairer":"Алексиков И.С.","_type":"RP"},{"_defect":"Инвертор","_diagonal":50,"_price":213,"_producer":"Hisense","_surnameOwner":"Трошкина В.К.","_surnameRepairer":"Алексиков И.С.","_type":"PDP"},{"_defect":"Искажены цвета","_diagonal":42,"_price":300,"_producer":"Hisense","_surnameOwner":"Бычкова Ю.Р.","_surnameRepairer":"Большаков К.В.","_type":"PDP"},{"_defect":"Не включается","_diagonal":32,"_price":550,"_producer":"Sony","_surnameOwner":"Скрипниченко Р.Ю","_surnameRepairer":"Терентьев В.И.","_type":"ЭЛТ"},{"_defect":"Питание","_diagonal":37,"_price":150,"_producer":"LG","_surnameOwner":"Самошкина О.Ю.","_surnameRepairer":"Лапин П.Ю.","_type":"RP"},{"_defect":"Не включается","_diagonal":37,"_price":550,"_producer":"Haier","_surnameOwner":"Шустра Д.И.","_surnameRepairer":"Большаков К.В.","_type":"DLP"},{"_defect":"ДУ","_diagonal":55,"_price":170,"_producer":"Sony","_surnameOwner":"Трошкина В.К.","_surnameRepairer":"Блохин В.И.","_type":"ЭЛТ"},{"_defect":"Не включается","_diagonal":42,"_price":550,"_producer":"Kivi","_surnameOwner":"Бычкова Ю.Р.","_surnameRepairer":"Блохин В.И.","_type":"LCD"},{"_defect":"Питание","_diagonal":50,"_price":150,"_producer":"Samsung","_surnameOwner":"Швецова Е.К.","_surnameRepairer":"Баранов Ю.Е.","_type":"LED"},{"_defect":"Инвертор","_diagonal":75,"_price":213,"_producer":"Kivi","_surnameOwner":"Скрипниченко Р.Ю","_surnameRepairer":"Алексиков И.С.","_type":"LCD"},{"_defect":"ДУ","_diagonal":44,"_price":170,"_producer":"Sony","_surnameOwner":"Трошкина В.К.","_surnameRepairer":"Терентьев В.И.","_type":"ЭЛТ"},{"_defect":"Искажены цвета","_diagonal":37,"_price":300,"_producer":"Hisense","_surnameOwner":"Шустра Д.И.","_surnameRepairer":"Ковалёв Н.К.","_type":"PDP"},{"_defect":"Искажены цвета","_diagonal":44,"_price":300,"_producer":"LG","_surnameOwner":"Менделеев Д.Г.","_surnameRepairer":"Баранов Ю.Е.","_type":"RP"}]}