[{"DepartureDate":"\/Date(1635717600000+0200)\/","Destination":"Финляндия","FlightNumber":"LM381","FullName":"Филатов О.Д.","NumberRequest":98},{"DepartureDate":"\/Date(1637791200000+0200)\/","Destination":"Гибралтар","FlightNumber":"SU256","FullName":"Митин Ю.А.","NumberRequest":55},{"DepartureDate":"\/Date(1635976800000+0200)\/","Destination":"Нидерланды","FlightNumber":"SR384","FullName":"Богдан С.Р.","NumberRequest":32},{"DepartureDate":"\/Date(1639778400000+0200)\/","Destination":"Австралия","FlightNumber":"NS591","FullName":"Романов А.Р.","NumberRequest":77},{"DepartureDate":"\/Date(1640556000000+0200)\/","Destination":"Стамбул","FlightNumber":"LM563","FullName":"Заяц С.И.","NumberRequest":104},{"DepartureDate":"\/Date(1636495200000+0200)\/","Destination":"Греция","FlightNumber":"OM254","FullName":"Шульга М.О.","NumberRequest":22},{"DepartureDate":"\/Date(1636322400000+0200)\/","Destination":"Италия","FlightNumber":"HU362","FullName":"Потапов Л.Д.","NumberRequest":15},{"DepartureDate":"\/Date(1639260000000+0200)\/","Destination":"Сингапур","FlightNumber":"SL581","FullName":"Тюрина О.Ю.","NumberRequest":68},{"DepartureDate":"\/Date(1641420000000+0200)\/","Destination":"Египет","FlightNumber":"NM836","FullName":"Полякова В.Д.","NumberRequest":75},{"DepartureDate":"\/Date(1640556000000+0200)\/","Destination":"Стамбул","FlightNumber":"LM563","FullName":"Жуков А.Н.","NumberRequest":93},{"DepartureDate":"\/Date(1641765600000+0200)\/","Destination":"Москва","FlightNumber":"KL382","FullName":"Иванов И.И.","NumberRequest":88}]