{"_Appliances":[{"_name":"Пылесос","_power":3300,"_price":13100,"_room":"Кладовка","_state":true},{"_name":"Кондиционер","_power":2100,"_price":7950,"_room":"Спальня","_state":false},{"_name":"Миксер","_power":2100,"_price":10700,"_room":"Кухня","_state":true},{"_name":"Светильник напольный","_power":6000,"_price":12350,"_room":"Гостинная","_state":false},{"_name":"Миксер","_power":720,"_price":14700,"_room":"Кухня","_state":true},{"_name":"Хлебопечка","_power":1300,"_price":11400,"_room":"Кухня","_state":false},{"_name":"Посудомоечная машина","_power":1150,"_price":10700,"_room":"Кухня","_state":false},{"_name":"Светильник напольный","_power":1300,"_price":7100,"_room":"Спальня","_state":true},{"_name":"Телевизор","_power":1500,"_price":10700,"_room":"Гостинная","_state":true},{"_name":"Телевизор","_power":850,"_price":14700,"_room":"Гостинная","_state":false},{"_name":"Чайник","_power":3500,"_price":7950,"_room":"Кухня","_state":true},{"_name":"Кондиционер","_power":200,"_price":18500,"_room":"Гостинная","_state":false},{"_name":"Стиральная машина","_power":3300,"_price":18503,"_room":"Кладовка","_state":true}],"_adress":"Будённовский просп.,19"}