{"Address":"Ленинский проспект, 4а","Appliances":[{"Name":"блендер","Power":300,"Price":900,"State":true},{"Name":"чайник","Power":1200,"Price":2100,"State":false},{"Name":"стиральная машина","Power":2100,"Price":13800,"State":true},{"Name":"стиральная машина","Power":2100,"Price":13800,"State":true},{"Name":"утюг","Power":1100,"Price":1900,"State":true},{"Name":"панель управления","Power":20,"Price":900,"State":true},{"Name":"блендер","Power":300,"Price":900,"State":true},{"Name":"хлебопечка","Power":1100,"Price":9200,"State":true},{"Name":"панель управления","Power":20,"Price":900,"State":true},{"Name":"утюг","Power":1100,"Price":1900,"State":true},{"Name":"чайник","Power":1200,"Price":2100,"State":true},{"Name":"микроволновка","Power":900,"Price":9600,"State":true},{"Name":"утюг","Power":1100,"Price":1900,"State":true},{"Name":"чайник","Power":1200,"Price":2100,"State":true},{"Name":"блендер","Power":300,"Price":900,"State":true}]}